event_date,name,category
2010-10-08,Relief of Alkmaar,Holiday
2010-11-01,All Saints' Day,Holiday
2010-11-02,All Souls' Day,Holiday
2010-05-05,Liberation Day,Holiday
2010-05-01,Labour Day,Holiday
2010-10-04,World Animal Day,Holiday
2010-01-06,Epiphany,Holiday
2010-12-25,Christmas Day,Holiday
2010-08-28,Relief of Groningen,Holiday
2010-10-31,Halloween,Holiday
2010-04-01,Capture of Brielle,Holiday
2010-03-08,International Women's Day,Holiday
2010-07-01,Ketikoti – Abolition of slavery,Holiday
2010-04-30,Queen's Day,Holiday
2010-10-03,Relief of Leiden,Holiday
2010-05-09,Mother's Day,Holiday
2010-05-04,Remembrance of the Dead,Holiday
2010-12-15,Naturalisation's Day,Holiday
2010-01-01,New Year's Day,Holiday
2010-12-31,New Year's Eve,Holiday
2010-09-21,Prince's Day,Holiday
2010-11-11,St. Martin's Day,Holiday
2010-12-05,St. Nicholas' Eve,Holiday
2010-12-26,Boxing Day,Holiday
2010-06-20,Father's Day,Holiday
2010-02-14,Valentine's Day,Holiday
2010-06-26,Veterans' Day,Holiday
2010-10-31,Winter time,Time change
2010-03-28,Summer time,Time change
2010-02-17,Ash Wednesday,Holiday
2011-03-09,Ash Wednesday,Holiday
2012-02-22,Ash Wednesday,Holiday
2013-02-13,Ash Wednesday,Holiday
2014-03-05,Ash Wednesday,Holiday
2015-02-18,Ash Wednesday,Holiday
2016-02-10,Ash Wednesday,Holiday
2017-03-01,Ash Wednesday,Holiday
2018-02-14,Ash Wednesday,Holiday
2019-03-06,Ash Wednesday,Holiday
2020-02-26,Ash Wednesday,Holiday
2021-02-17,Ash Wednesday,Holiday
2022-03-02,Ash Wednesday,Holiday
2023-02-22,Ash Wednesday,Holiday
2024-02-14,Ash Wednesday,Holiday
2025-03-05,Ash Wednesday,Holiday
2026-02-18,Ash Wednesday,Holiday
2027-02-10,Ash Wednesday,Holiday
2028-03-01,Ash Wednesday,Holiday
2029-02-14,Ash Wednesday,Holiday
2030-03-06,Ash Wednesday,Holiday
2031-02-26,Ash Wednesday,Holiday
2032-02-12,Ash Wednesday,Holiday
2033-03-02,Ash Wednesday,Holiday
2034-02-22,Ash Wednesday,Holiday
2035-02-07,Ash Wednesday,Holiday
2036-02-27,Ash Wednesday,Holiday
2037-02-18,Ash Wednesday,Holiday
2038-03-10,Ash Wednesday,Holiday
2039-02-23,Ash Wednesday,Holiday
2040-02-15,Ash Wednesday,Holiday
2041-03-06,Ash Wednesday,Holiday
2042-02-19,Ash Wednesday,Holiday
2043-02-11,Ash Wednesday,Holiday
2044-03-02,Ash Wednesday,Holiday
2045-02-22,Ash Wednesday,Holiday
2046-02-07,Ash Wednesday,Holiday
2047-02-27,Ash Wednesday,Holiday
2048-02-19,Ash Wednesday,Holiday
2049-03-03,Ash Wednesday,Holiday
2050-02-20,Ash Wednesday,Holiday
2010-02-14,Carnival,Holiday
2011-03-06,Carnival,Holiday
2012-02-19,Carnival,Holiday
2013-02-10,Carnival,Holiday
2014-03-02,Carnival,Holiday
2015-02-15,Carnival,Holiday
2016-02-07,Carnival,Holiday
2017-02-26,Carnival,Holiday
2018-02-11,Carnival,Holiday
2019-03-03,Carnival,Holiday
2020-02-23,Carnival,Holiday
2021-02-14,Carnival,Holiday
2022-02-27,Carnival,Holiday
2023-02-19,Carnival,Holiday
2024-02-11,Carnival,Holiday
2025-03-02,Carnival,Holiday
2026-02-15,Carnival,Holiday
2027-02-07,Carnival,Holiday
2028-02-27,Carnival,Holiday
2029-02-11,Carnival,Holiday
2030-03-03,Carnival,Holiday
2031-02-23,Carnival,Holiday
2032-02-08,Carnival,Holiday
2033-02-27,Carnival,Holiday
2034-02-19,Carnival,Holiday
2035-02-04,Carnival,Holiday
2036-02-24,Carnival,Holiday
2037-02-15,Carnival,Holiday
2038-03-07,Carnival,Holiday
2039-02-20,Carnival,Holiday
2040-02-12,Carnival,Holiday
2041-03-03,Carnival,Holiday
2042-02-16,Carnival,Holiday
2043-02-08,Carnival,Holiday
2044-02-28,Carnival,Holiday
2045-02-19,Carnival,Holiday
2046-02-04,Carnival,Holiday
2047-02-24,Carnival,Holiday
2048-02-16,Carnival,Holiday
2049-02-28,Carnival,Holiday
2050-02-20,Carnival,Holiday
2010-04-04,Easter Sunday,Holiday
2011-04-24,Easter Sunday,Holiday
2012-04-08,Easter Sunday,Holiday
2013-03-31,Easter Sunday,Holiday
2014-04-20,Easter Sunday,Holiday
2015-04-05,Easter Sunday,Holiday
2016-03-27,Easter Sunday,Holiday
2017-04-16,Easter Sunday,Holiday
2018-04-01,Easter Sunday,Holiday
2019-04-21,Easter Sunday,Holiday
2020-04-12,Easter Sunday,Holiday
2021-04-04,Easter Sunday,Holiday
2022-04-17,Easter Sunday,Holiday
2023-04-09,Easter Sunday,Holiday
2024-03-31,Easter Sunday,Holiday
2025-04-20,Easter Sunday,Holiday
2026-04-05,Easter Sunday,Holiday
2027-03-28,Easter Sunday,Holiday
2028-04-16,Easter Sunday,Holiday
2029-04-01,Easter Sunday,Holiday
2030-04-21,Easter Sunday,Holiday
2031-04-13,Easter Sunday,Holiday
2032-03-28,Easter Sunday,Holiday
2033-04-17,Easter Sunday,Holiday
2034-04-09,Easter Sunday,Holiday
2035-03-25,Easter Sunday,Holiday
2036-04-13,Easter Sunday,Holiday
2037-04-05,Easter Sunday,Holiday
2038-04-25,Easter Sunday,Holiday
2039-04-10,Easter Sunday,Holiday
2040-04-01,Easter Sunday,Holiday
2041-04-21,Easter Sunday,Holiday
2042-04-06,Easter Sunday,Holiday
2043-03-29,Easter Sunday,Holiday
2044-04-17,Easter Sunday,Holiday
2045-04-09,Easter Sunday,Holiday
2046-03-25,Easter Sunday,Holiday
2047-04-14,Easter Sunday,Holiday
2048-04-05,Easter Sunday,Holiday
2049-04-18,Easter Sunday,Holiday
2050-04-10,Easter Sunday,Holiday
2010-05-23,Pentecost Sunday,Holiday
2011-06-12,Pentecost Sunday,Holiday
2012-05-27,Pentecost Sunday,Holiday
2013-05-19,Pentecost Sunday,Holiday
2014-06-08,Pentecost Sunday,Holiday
2015-05-24,Pentecost Sunday,Holiday
2016-05-15,Pentecost Sunday,Holiday
2017-06-04,Pentecost Sunday,Holiday
2018-05-20,Pentecost Sunday,Holiday
2019-06-09,Pentecost Sunday,Holiday
2020-05-31,Pentecost Sunday,Holiday
2021-05-23,Pentecost Sunday,Holiday
2022-06-05,Pentecost Sunday,Holiday
2023-05-28,Pentecost Sunday,Holiday
2024-05-19,Pentecost Sunday,Holiday
2025-06-08,Pentecost Sunday,Holiday
2026-05-24,Pentecost Sunday,Holiday
2027-05-16,Pentecost Sunday,Holiday
2028-06-04,Pentecost Sunday,Holiday
2029-05-20,Pentecost Sunday,Holiday
2030-06-09,Pentecost Sunday,Holiday
2031-06-01,Pentecost Sunday,Holiday
2032-05-16,Pentecost Sunday,Holiday
2033-06-05,Pentecost Sunday,Holiday
2034-05-28,Pentecost Sunday,Holiday
2035-05-13,Pentecost Sunday,Holiday
2036-06-01,Pentecost Sunday,Holiday
2037-05-24,Pentecost Sunday,Holiday
2038-06-13,Pentecost Sunday,Holiday
2039-05-29,Pentecost Sunday,Holiday
2040-05-20,Pentecost Sunday,Holiday
2041-06-09,Pentecost Sunday,Holiday
2042-05-25,Pentecost Sunday,Holiday
2043-05-17,Pentecost Sunday,Holiday
2044-06-05,Pentecost Sunday,Holiday
2045-05-28,Pentecost Sunday,Holiday
2046-05-13,Pentecost Sunday,Holiday
2047-06-02,Pentecost Sunday,Holiday
2048-05-24,Pentecost Sunday,Holiday
2049-06-06,Pentecost Sunday,Holiday
2050-05-29,Pentecost Sunday,Holiday
2010-04-02,Good Friday,Holiday
2011-04-22,Good Friday,Holiday
2012-04-06,Good Friday,Holiday
2013-03-29,Good Friday,Holiday
2014-04-18,Good Friday,Holiday
2015-04-03,Good Friday,Holiday
2016-03-25,Good Friday,Holiday
2017-04-14,Good Friday,Holiday
2018-03-30,Good Friday,Holiday
2019-04-19,Good Friday,Holiday
2020-04-10,Good Friday,Holiday
2021-04-02,Good Friday,Holiday
2022-04-15,Good Friday,Holiday
2023-04-07,Good Friday,Holiday
2024-03-29,Good Friday,Holiday
2025-04-18,Good Friday,Holiday
2026-04-03,Good Friday,Holiday
2027-03-26,Good Friday,Holiday
2028-04-14,Good Friday,Holiday
2029-03-30,Good Friday,Holiday
2030-04-19,Good Friday,Holiday
2031-04-11,Good Friday,Holiday
2032-03-26,Good Friday,Holiday
2033-04-15,Good Friday,Holiday
2034-04-07,Good Friday,Holiday
2035-03-23,Good Friday,Holiday
2036-04-11,Good Friday,Holiday
2037-04-03,Good Friday,Holiday
2038-04-23,Good Friday,Holiday
2039-04-08,Good Friday,Holiday
2040-03-30,Good Friday,Holiday
2041-04-19,Good Friday,Holiday
2042-04-04,Good Friday,Holiday
2043-03-27,Good Friday,Holiday
2044-04-15,Good Friday,Holiday
2045-04-07,Good Friday,Holiday
2046-03-23,Good Friday,Holiday
2047-04-12,Good Friday,Holiday
2048-04-03,Good Friday,Holiday
2049-04-16,Good Friday,Holiday
2050-04-08,Good Friday,Holiday
2010-05-13,Ascension Day,Holiday
2011-06-02,Ascension Day,Holiday
2012-05-17,Ascension Day,Holiday
2013-05-09,Ascension Day,Holiday
2014-05-29,Ascension Day,Holiday
2015-05-14,Ascension Day,Holiday
2016-05-05,Ascension Day,Holiday
2017-05-25,Ascension Day,Holiday
2018-05-10,Ascension Day,Holiday
2019-05-30,Ascension Day,Holiday
2020-05-21,Ascension Day,Holiday
2021-05-13,Ascension Day,Holiday
2022-05-26,Ascension Day,Holiday
2023-05-18,Ascension Day,Holiday
2024-05-09,Ascension Day,Holiday
2025-05-29,Ascension Day,Holiday
2026-05-14,Ascension Day,Holiday
2027-05-06,Ascension Day,Holiday
2028-05-25,Ascension Day,Holiday
2029-05-10,Ascension Day,Holiday
2030-05-30,Ascension Day,Holiday
2031-05-22,Ascension Day,Holiday
2032-05-06,Ascension Day,Holiday
2033-05-26,Ascension Day,Holiday
2034-05-18,Ascension Day,Holiday
2035-05-03,Ascension Day,Holiday
2036-05-22,Ascension Day,Holiday
2037-05-14,Ascension Day,Holiday
2038-06-03,Ascension Day,Holiday
2039-05-19,Ascension Day,Holiday
2040-05-10,Ascension Day,Holiday
2041-05-30,Ascension Day,Holiday
2042-05-15,Ascension Day,Holiday
2043-05-07,Ascension Day,Holiday
2044-05-26,Ascension Day,Holiday
2045-05-18,Ascension Day,Holiday
2046-05-03,Ascension Day,Holiday
2047-05-23,Ascension Day,Holiday
2048-05-14,Ascension Day,Holiday
2049-05-27,Ascension Day,Holiday
2050-05-19,Ascension Day,Holiday
2014-04-26,King's Day,Holiday
2015-04-27,King's Day,Holiday
2016-04-27,King's Day,Holiday
2017-04-27,King's Day,Holiday
2018-04-27,King's Day,Holiday
2019-04-27,King's Day,Holiday
2020-04-27,King's Day,Holiday
2021-04-27,King's Day,Holiday
2022-04-27,King's Day,Holiday
2023-04-27,King's Day,Holiday
2024-04-27,King's Day,Holiday
2025-04-26,King's Day,Holiday
2026-04-27,King's Day,Holiday
2027-04-27,King's Day,Holiday
2028-04-27,King's Day,Holiday
2029-04-27,King's Day,Holiday
2030-04-27,King's Day,Holiday
2031-04-26,King's Day,Holiday
2032-04-27,King's Day,Holiday
2033-04-27,King's Day,Holiday
2034-04-27,King's Day,Holiday
2035-04-27,King's Day,Holiday
2036-04-26,King's Day,Holiday
2037-04-27,King's Day,Holiday
2038-04-27,King's Day,Holiday
2039-04-27,King's Day,Holiday
2040-04-27,King's Day,Holiday
2041-04-27,King's Day,Holiday
2042-04-26,King's Day,Holiday
2043-04-27,King's Day,Holiday
2044-04-27,King's Day,Holiday
2045-04-27,King's Day,Holiday
2046-04-27,King's Day,Holiday
2047-04-27,King's Day,Holiday
2048-04-27,King's Day,Holiday
2049-04-27,King's Day,Holiday
2050-04-27,King's Day,Holiday
2010-04-05,Easter Monday,Holiday
2011-04-25,Easter Monday,Holiday
2012-04-09,Easter Monday,Holiday
2013-04-01,Easter Monday,Holiday
2014-04-21,Easter Monday,Holiday
2015-04-06,Easter Monday,Holiday
2016-03-28,Easter Monday,Holiday
2017-04-17,Easter Monday,Holiday
2018-04-02,Easter Monday,Holiday
2019-04-22,Easter Monday,Holiday
2020-04-13,Easter Monday,Holiday
2021-04-05,Easter Monday,Holiday
2022-04-18,Easter Monday,Holiday
2023-04-10,Easter Monday,Holiday
2024-04-01,Easter Monday,Holiday
2025-04-21,Easter Monday,Holiday
2026-04-06,Easter Monday,Holiday
2027-03-29,Easter Monday,Holiday
2028-04-17,Easter Monday,Holiday
2029-04-02,Easter Monday,Holiday
2030-04-22,Easter Monday,Holiday
2031-04-14,Easter Monday,Holiday
2032-03-29,Easter Monday,Holiday
2033-04-18,Easter Monday,Holiday
2034-04-10,Easter Monday,Holiday
2035-03-26,Easter Monday,Holiday
2036-04-14,Easter Monday,Holiday
2037-04-06,Easter Monday,Holiday
2038-04-26,Easter Monday,Holiday
2039-04-11,Easter Monday,Holiday
2040-04-02,Easter Monday,Holiday
2041-04-22,Easter Monday,Holiday
2042-04-07,Easter Monday,Holiday
2043-03-30,Easter Monday,Holiday
2044-04-18,Easter Monday,Holiday
2045-04-10,Easter Monday,Holiday
2046-03-26,Easter Monday,Holiday
2047-04-15,Easter Monday,Holiday
2048-04-06,Easter Monday,Holiday
2049-04-19,Easter Monday,Holiday
2050-04-11,Easter Monday,Holiday
2010-05-24,Pentecost Monday,Holiday
2011-06-13,Pentecost Monday,Holiday
2012-05-28,Pentecost Monday,Holiday
2013-05-20,Pentecost Monday,Holiday
2014-06-09,Pentecost Monday,Holiday
2015-05-25,Pentecost Monday,Holiday
2016-05-16,Pentecost Monday,Holiday
2017-06-05,Pentecost Monday,Holiday
2018-05-21,Pentecost Monday,Holiday
2019-06-10,Pentecost Monday,Holiday
2020-06-01,Pentecost Monday,Holiday
2021-05-24,Pentecost Monday,Holiday
2022-06-06,Pentecost Monday,Holiday
2023-05-29,Pentecost Monday,Holiday
2024-05-20,Pentecost Monday,Holiday
2025-06-09,Pentecost Monday,Holiday
2026-05-25,Pentecost Monday,Holiday
2027-05-17,Pentecost Monday,Holiday
2028-06-05,Pentecost Monday,Holiday
2029-05-21,Pentecost Monday,Holiday
2030-06-10,Pentecost Monday,Holiday
2031-06-02,Pentecost Monday,Holiday
2032-05-17,Pentecost Monday,Holiday
2033-06-06,Pentecost Monday,Holiday
2034-05-29,Pentecost Monday,Holiday
2035-05-14,Pentecost Monday,Holiday
2036-06-02,Pentecost Monday,Holiday
2037-05-25,Pentecost Monday,Holiday
2038-06-14,Pentecost Monday,Holiday
2039-05-30,Pentecost Monday,Holiday
2040-05-21,Pentecost Monday,Holiday
2041-06-10,Pentecost Monday,Holiday
2042-05-26,Pentecost Monday,Holiday
2043-05-18,Pentecost Monday,Holiday
2044-06-06,Pentecost Monday,Holiday
2045-05-29,Pentecost Monday,Holiday
2046-05-14,Pentecost Monday,Holiday
2047-06-03,Pentecost Monday,Holiday
2048-05-25,Pentecost Monday,Holiday
2049-06-07,Pentecost Monday,Holiday
2050-05-30,Pentecost Monday,Holiday
2010-04-01,Maundy Thursday,Holiday
2011-04-21,Maundy Thursday,Holiday
2012-04-05,Maundy Thursday,Holiday
2013-03-28,Maundy Thursday,Holiday
2014-04-17,Maundy Thursday,Holiday
2015-04-02,Maundy Thursday,Holiday
2016-03-24,Maundy Thursday,Holiday
2017-04-13,Maundy Thursday,Holiday
2018-03-29,Maundy Thursday,Holiday
2019-04-18,Maundy Thursday,Holiday
2020-04-09,Maundy Thursday,Holiday
2021-04-01,Maundy Thursday,Holiday
2022-04-14,Maundy Thursday,Holiday
2023-04-06,Maundy Thursday,Holiday
2024-03-28,Maundy Thursday,Holiday
2025-04-17,Maundy Thursday,Holiday
2026-04-02,Maundy Thursday,Holiday
2027-03-25,Maundy Thursday,Holiday
2028-04-13,Maundy Thursday,Holiday
2029-03-29,Maundy Thursday,Holiday
2030-04-18,Maundy Thursday,Holiday
2031-04-10,Maundy Thursday,Holiday
2032-03-25,Maundy Thursday,Holiday
2033-04-14,Maundy Thursday,Holiday
2034-04-06,Maundy Thursday,Holiday
2035-03-22,Maundy Thursday,Holiday
2036-04-10,Maundy Thursday,Holiday
2037-04-02,Maundy Thursday,Holiday
2038-04-22,Maundy Thursday,Holiday
2039-04-07,Maundy Thursday,Holiday
2040-03-29,Maundy Thursday,Holiday
2041-04-18,Maundy Thursday,Holiday
2042-04-03,Maundy Thursday,Holiday
2043-03-26,Maundy Thursday,Holiday
2044-04-14,Maundy Thursday,Holiday
2045-04-06,Maundy Thursday,Holiday
2046-03-22,Maundy Thursday,Holiday
2047-04-11,Maundy Thursday,Holiday
2048-04-02,Maundy Thursday,Holiday
2049-04-15,Maundy Thursday,Holiday
2050-04-07,Maundy Thursday,Holiday
2011-10-08,Relief of Alkmaar,Holiday
2012-10-08,Relief of Alkmaar,Holiday
2013-10-08,Relief of Alkmaar,Holiday
2014-10-08,Relief of Alkmaar,Holiday
2015-10-08,Relief of Alkmaar,Holiday
2016-10-08,Relief of Alkmaar,Holiday
2017-10-08,Relief of Alkmaar,Holiday
2018-10-08,Relief of Alkmaar,Holiday
2019-10-08,Relief of Alkmaar,Holiday
2020-10-08,Relief of Alkmaar,Holiday
2021-10-08,Relief of Alkmaar,Holiday
2022-10-08,Relief of Alkmaar,Holiday
2023-10-08,Relief of Alkmaar,Holiday
2024-10-08,Relief of Alkmaar,Holiday
2025-10-08,Relief of Alkmaar,Holiday
2011-11-01,All Saints' Day,Holiday
2012-11-01,All Saints' Day,Holiday
2013-11-01,All Saints' Day,Holiday
2014-11-01,All Saints' Day,Holiday
2015-11-01,All Saints' Day,Holiday
2016-11-01,All Saints' Day,Holiday
2017-11-01,All Saints' Day,Holiday
2018-11-01,All Saints' Day,Holiday
2019-11-01,All Saints' Day,Holiday
2020-11-01,All Saints' Day,Holiday
2021-11-01,All Saints' Day,Holiday
2022-11-01,All Saints' Day,Holiday
2023-11-01,All Saints' Day,Holiday
2024-11-01,All Saints' Day,Holiday
2025-11-01,All Saints' Day,Holiday
2011-11-02,All Souls' Day,Holiday
2012-11-02,All Souls' Day,Holiday
2013-11-02,All Souls' Day,Holiday
2014-11-02,All Souls' Day,Holiday
2015-11-02,All Souls' Day,Holiday
2016-11-02,All Souls' Day,Holiday
2017-11-02,All Souls' Day,Holiday
2018-11-02,All Souls' Day,Holiday
2019-11-02,All Souls' Day,Holiday
2020-11-02,All Souls' Day,Holiday
2021-11-02,All Souls' Day,Holiday
2022-11-02,All Souls' Day,Holiday
2023-11-02,All Souls' Day,Holiday
2024-11-02,All Souls' Day,Holiday
2025-11-02,All Souls' Day,Holiday
2011-05-05,Liberation Day,Holiday
2012-05-05,Liberation Day,Holiday
2013-05-05,Liberation Day,Holiday
2014-05-05,Liberation Day,Holiday
2015-05-05,Liberation Day,Holiday
2016-05-05,Liberation Day,Holiday
2017-05-05,Liberation Day,Holiday
2018-05-05,Liberation Day,Holiday
2019-05-05,Liberation Day,Holiday
2020-05-05,Liberation Day,Holiday
2021-05-05,Liberation Day,Holiday
2022-05-05,Liberation Day,Holiday
2023-05-05,Liberation Day,Holiday
2024-05-05,Liberation Day,Holiday
2025-05-05,Liberation Day,Holiday
2011-05-01,Labour Day,Holiday
2012-05-01,Labour Day,Holiday
2013-05-01,Labour Day,Holiday
2014-05-01,Labour Day,Holiday
2015-05-01,Labour Day,Holiday
2016-05-01,Labour Day,Holiday
2017-05-01,Labour Day,Holiday
2018-05-01,Labour Day,Holiday
2019-05-01,Labour Day,Holiday
2020-05-01,Labour Day,Holiday
2021-05-01,Labour Day,Holiday
2022-05-01,Labour Day,Holiday
2023-05-01,Labour Day,Holiday
2024-05-01,Labour Day,Holiday
2025-05-01,Labour Day,Holiday
2011-10-04,World Animal Day,Holiday
2012-10-04,World Animal Day,Holiday
2013-10-04,World Animal Day,Holiday
2014-10-04,World Animal Day,Holiday
2015-10-04,World Animal Day,Holiday
2016-10-04,World Animal Day,Holiday
2017-10-04,World Animal Day,Holiday
2018-10-04,World Animal Day,Holiday
2019-10-04,World Animal Day,Holiday
2020-10-04,World Animal Day,Holiday
2021-10-04,World Animal Day,Holiday
2022-10-04,World Animal Day,Holiday
2023-10-04,World Animal Day,Holiday
2024-10-04,World Animal Day,Holiday
2025-10-04,World Animal Day,Holiday
2011-01-06,Epiphany,Holiday
2012-01-06,Epiphany,Holiday
2013-01-06,Epiphany,Holiday
2014-01-06,Epiphany,Holiday
2015-01-06,Epiphany,Holiday
2016-01-06,Epiphany,Holiday
2017-01-06,Epiphany,Holiday
2018-01-06,Epiphany,Holiday
2019-01-06,Epiphany,Holiday
2020-01-06,Epiphany,Holiday
2021-01-06,Epiphany,Holiday
2022-01-06,Epiphany,Holiday
2023-01-06,Epiphany,Holiday
2024-01-06,Epiphany,Holiday
2025-01-06,Epiphany,Holiday
2011-12-25,Christmas Day,Holiday
2012-12-25,Christmas Day,Holiday
2013-12-25,Christmas Day,Holiday
2014-12-25,Christmas Day,Holiday
2015-12-25,Christmas Day,Holiday
2016-12-25,Christmas Day,Holiday
2017-12-25,Christmas Day,Holiday
2018-12-25,Christmas Day,Holiday
2019-12-25,Christmas Day,Holiday
2020-12-25,Christmas Day,Holiday
2021-12-25,Christmas Day,Holiday
2022-12-25,Christmas Day,Holiday
2023-12-25,Christmas Day,Holiday
2024-12-25,Christmas Day,Holiday
2025-12-25,Christmas Day,Holiday
2011-08-28,Relief of Groningen,Holiday
2012-08-28,Relief of Groningen,Holiday
2013-08-28,Relief of Groningen,Holiday
2014-08-28,Relief of Groningen,Holiday
2015-08-28,Relief of Groningen,Holiday
2016-08-28,Relief of Groningen,Holiday
2017-08-28,Relief of Groningen,Holiday
2018-08-28,Relief of Groningen,Holiday
2019-08-28,Relief of Groningen,Holiday
2020-08-28,Relief of Groningen,Holiday
2021-08-28,Relief of Groningen,Holiday
2022-08-28,Relief of Groningen,Holiday
2023-08-28,Relief of Groningen,Holiday
2024-08-28,Relief of Groningen,Holiday
2025-08-28,Relief of Groningen,Holiday
2011-10-31,Halloween,Holiday
2012-10-31,Halloween,Holiday
2013-10-31,Halloween,Holiday
2014-10-31,Halloween,Holiday
2015-10-31,Halloween,Holiday
2016-10-31,Halloween,Holiday
2017-10-31,Halloween,Holiday
2018-10-31,Halloween,Holiday
2019-10-31,Halloween,Holiday
2020-10-31,Halloween,Holiday
2021-10-31,Halloween,Holiday
2022-10-31,Halloween,Holiday
2023-10-31,Halloween,Holiday
2024-10-31,Halloween,Holiday
2025-10-31,Halloween,Holiday
2011-04-01,Capture of Brielle,Holiday
2012-04-01,Capture of Brielle,Holiday
2013-04-01,Capture of Brielle,Holiday
2014-04-01,Capture of Brielle,Holiday
2015-04-01,Capture of Brielle,Holiday
2016-04-01,Capture of Brielle,Holiday
2017-04-01,Capture of Brielle,Holiday
2018-04-01,Capture of Brielle,Holiday
2019-04-01,Capture of Brielle,Holiday
2020-04-01,Capture of Brielle,Holiday
2021-04-01,Capture of Brielle,Holiday
2022-04-01,Capture of Brielle,Holiday
2023-04-01,Capture of Brielle,Holiday
2024-04-01,Capture of Brielle,Holiday
2025-04-01,Capture of Brielle,Holiday
2011-03-08,International Women's Day,Holiday
2012-03-08,International Women's Day,Holiday
2013-03-08,International Women's Day,Holiday
2014-03-08,International Women's Day,Holiday
2015-03-08,International Women's Day,Holiday
2016-03-08,International Women's Day,Holiday
2017-03-08,International Women's Day,Holiday
2018-03-08,International Women's Day,Holiday
2019-03-08,International Women's Day,Holiday
2020-03-08,International Women's Day,Holiday
2021-03-08,International Women's Day,Holiday
2022-03-08,International Women's Day,Holiday
2023-03-08,International Women's Day,Holiday
2024-03-08,International Women's Day,Holiday
2025-03-08,International Women's Day,Holiday
2011-07-01,Ketikoti – Abolition of slavery,Holiday
2012-07-01,Ketikoti – Abolition of slavery,Holiday
2013-07-01,Ketikoti – Abolition of slavery,Holiday
2014-07-01,Ketikoti – Abolition of slavery,Holiday
2015-07-01,Ketikoti – Abolition of slavery,Holiday
2016-07-01,Ketikoti – Abolition of slavery,Holiday
2017-07-01,Ketikoti – Abolition of slavery,Holiday
2018-07-01,Ketikoti – Abolition of slavery,Holiday
2019-07-01,Ketikoti – Abolition of slavery,Holiday
2020-07-01,Ketikoti – Abolition of slavery,Holiday
2021-07-01,Ketikoti – Abolition of slavery,Holiday
2022-07-01,Ketikoti – Abolition of slavery,Holiday
2023-07-01,Ketikoti – Abolition of slavery,Holiday
2024-07-01,Ketikoti – Abolition of slavery,Holiday
2025-07-01,Ketikoti – Abolition of slavery,Holiday
2011-04-30,Queen's Day,Holiday
2012-04-30,Queen's Day,Holiday
2013-04-30,Queen's Day,Holiday
2014-04-30,Queen's Day,Holiday
2015-04-30,Queen's Day,Holiday
2016-04-30,Queen's Day,Holiday
2017-04-30,Queen's Day,Holiday
2018-04-30,Queen's Day,Holiday
2019-04-30,Queen's Day,Holiday
2020-04-30,Queen's Day,Holiday
2021-04-30,Queen's Day,Holiday
2022-04-30,Queen's Day,Holiday
2023-04-30,Queen's Day,Holiday
2024-04-30,Queen's Day,Holiday
2025-04-30,Queen's Day,Holiday
2011-10-03,Relief of Leiden,Holiday
2012-10-03,Relief of Leiden,Holiday
2013-10-03,Relief of Leiden,Holiday
2014-10-03,Relief of Leiden,Holiday
2015-10-03,Relief of Leiden,Holiday
2016-10-03,Relief of Leiden,Holiday
2017-10-03,Relief of Leiden,Holiday
2018-10-03,Relief of Leiden,Holiday
2019-10-03,Relief of Leiden,Holiday
2020-10-03,Relief of Leiden,Holiday
2021-10-03,Relief of Leiden,Holiday
2022-10-03,Relief of Leiden,Holiday
2023-10-03,Relief of Leiden,Holiday
2024-10-03,Relief of Leiden,Holiday
2025-10-03,Relief of Leiden,Holiday
2011-05-09,Mother's Day,Holiday
2012-05-09,Mother's Day,Holiday
2013-05-09,Mother's Day,Holiday
2014-05-09,Mother's Day,Holiday
2015-05-09,Mother's Day,Holiday
2016-05-09,Mother's Day,Holiday
2017-05-09,Mother's Day,Holiday
2018-05-09,Mother's Day,Holiday
2019-05-09,Mother's Day,Holiday
2020-05-09,Mother's Day,Holiday
2021-05-09,Mother's Day,Holiday
2022-05-09,Mother's Day,Holiday
2023-05-09,Mother's Day,Holiday
2024-05-09,Mother's Day,Holiday
2025-05-09,Mother's Day,Holiday
2011-05-04,Remembrance of the Dead,Holiday
2012-05-04,Remembrance of the Dead,Holiday
2013-05-04,Remembrance of the Dead,Holiday
2014-05-04,Remembrance of the Dead,Holiday
2015-05-04,Remembrance of the Dead,Holiday
2016-05-04,Remembrance of the Dead,Holiday
2017-05-04,Remembrance of the Dead,Holiday
2018-05-04,Remembrance of the Dead,Holiday
2019-05-04,Remembrance of the Dead,Holiday
2020-05-04,Remembrance of the Dead,Holiday
2021-05-04,Remembrance of the Dead,Holiday
2022-05-04,Remembrance of the Dead,Holiday
2023-05-04,Remembrance of the Dead,Holiday
2024-05-04,Remembrance of the Dead,Holiday
2025-05-04,Remembrance of the Dead,Holiday
2011-12-15,Naturalisation's Day,Holiday
2012-12-15,Naturalisation's Day,Holiday
2013-12-15,Naturalisation's Day,Holiday
2014-12-15,Naturalisation's Day,Holiday
2015-12-15,Naturalisation's Day,Holiday
2016-12-15,Naturalisation's Day,Holiday
2017-12-15,Naturalisation's Day,Holiday
2018-12-15,Naturalisation's Day,Holiday
2019-12-15,Naturalisation's Day,Holiday
2020-12-15,Naturalisation's Day,Holiday
2021-12-15,Naturalisation's Day,Holiday
2022-12-15,Naturalisation's Day,Holiday
2023-12-15,Naturalisation's Day,Holiday
2024-12-15,Naturalisation's Day,Holiday
2025-12-15,Naturalisation's Day,Holiday
2011-01-01,New Year's Day,Holiday
2012-01-01,New Year's Day,Holiday
2013-01-01,New Year's Day,Holiday
2014-01-01,New Year's Day,Holiday
2015-01-01,New Year's Day,Holiday
2016-01-01,New Year's Day,Holiday
2017-01-01,New Year's Day,Holiday
2018-01-01,New Year's Day,Holiday
2019-01-01,New Year's Day,Holiday
2020-01-01,New Year's Day,Holiday
2021-01-01,New Year's Day,Holiday
2022-01-01,New Year's Day,Holiday
2023-01-01,New Year's Day,Holiday
2024-01-01,New Year's Day,Holiday
2025-01-01,New Year's Day,Holiday
2011-12-31,New Year's Eve,Holiday
2012-12-31,New Year's Eve,Holiday
2013-12-31,New Year's Eve,Holiday
2014-12-31,New Year's Eve,Holiday
2015-12-31,New Year's Eve,Holiday
2016-12-31,New Year's Eve,Holiday
2017-12-31,New Year's Eve,Holiday
2018-12-31,New Year's Eve,Holiday
2019-12-31,New Year's Eve,Holiday
2020-12-31,New Year's Eve,Holiday
2021-12-31,New Year's Eve,Holiday
2022-12-31,New Year's Eve,Holiday
2023-12-31,New Year's Eve,Holiday
2024-12-31,New Year's Eve,Holiday
2025-12-31,New Year's Eve,Holiday
2011-09-21,Prince's Day,Holiday
2012-09-21,Prince's Day,Holiday
2013-09-21,Prince's Day,Holiday
2014-09-21,Prince's Day,Holiday
2015-09-21,Prince's Day,Holiday
2016-09-21,Prince's Day,Holiday
2017-09-21,Prince's Day,Holiday
2018-09-21,Prince's Day,Holiday
2019-09-21,Prince's Day,Holiday
2020-09-21,Prince's Day,Holiday
2021-09-21,Prince's Day,Holiday
2022-09-21,Prince's Day,Holiday
2023-09-21,Prince's Day,Holiday
2024-09-21,Prince's Day,Holiday
2025-09-21,Prince's Day,Holiday
2011-11-11,St. Martin's Day,Holiday
2012-11-11,St. Martin's Day,Holiday
2013-11-11,St. Martin's Day,Holiday
2014-11-11,St. Martin's Day,Holiday
2015-11-11,St. Martin's Day,Holiday
2016-11-11,St. Martin's Day,Holiday
2017-11-11,St. Martin's Day,Holiday
2018-11-11,St. Martin's Day,Holiday
2019-11-11,St. Martin's Day,Holiday
2020-11-11,St. Martin's Day,Holiday
2021-11-11,St. Martin's Day,Holiday
2022-11-11,St. Martin's Day,Holiday
2023-11-11,St. Martin's Day,Holiday
2024-11-11,St. Martin's Day,Holiday
2025-11-11,St. Martin's Day,Holiday
2011-12-05,St. Nicholas' Eve,Holiday
2012-12-05,St. Nicholas' Eve,Holiday
2013-12-05,St. Nicholas' Eve,Holiday
2014-12-05,St. Nicholas' Eve,Holiday
2015-12-05,St. Nicholas' Eve,Holiday
2016-12-05,St. Nicholas' Eve,Holiday
2017-12-05,St. Nicholas' Eve,Holiday
2018-12-05,St. Nicholas' Eve,Holiday
2019-12-05,St. Nicholas' Eve,Holiday
2020-12-05,St. Nicholas' Eve,Holiday
2021-12-05,St. Nicholas' Eve,Holiday
2022-12-05,St. Nicholas' Eve,Holiday
2023-12-05,St. Nicholas' Eve,Holiday
2024-12-05,St. Nicholas' Eve,Holiday
2025-12-05,St. Nicholas' Eve,Holiday
2011-12-26,Boxing Day,Holiday
2012-12-26,Boxing Day,Holiday
2013-12-26,Boxing Day,Holiday
2014-12-26,Boxing Day,Holiday
2015-12-26,Boxing Day,Holiday
2016-12-26,Boxing Day,Holiday
2017-12-26,Boxing Day,Holiday
2018-12-26,Boxing Day,Holiday
2019-12-26,Boxing Day,Holiday
2020-12-26,Boxing Day,Holiday
2021-12-26,Boxing Day,Holiday
2022-12-26,Boxing Day,Holiday
2023-12-26,Boxing Day,Holiday
2024-12-26,Boxing Day,Holiday
2025-12-26,Boxing Day,Holiday
2011-06-20,Father's Day,Holiday
2012-06-20,Father's Day,Holiday
2013-06-20,Father's Day,Holiday
2014-06-20,Father's Day,Holiday
2015-06-20,Father's Day,Holiday
2016-06-20,Father's Day,Holiday
2017-06-20,Father's Day,Holiday
2018-06-20,Father's Day,Holiday
2019-06-20,Father's Day,Holiday
2020-06-20,Father's Day,Holiday
2021-06-20,Father's Day,Holiday
2022-06-20,Father's Day,Holiday
2023-06-20,Father's Day,Holiday
2024-06-20,Father's Day,Holiday
2025-06-20,Father's Day,Holiday
2011-02-14,Valentine's Day,Holiday
2012-02-14,Valentine's Day,Holiday
2013-02-14,Valentine's Day,Holiday
2014-02-14,Valentine's Day,Holiday
2015-02-14,Valentine's Day,Holiday
2016-02-14,Valentine's Day,Holiday
2017-02-14,Valentine's Day,Holiday
2018-02-14,Valentine's Day,Holiday
2019-02-14,Valentine's Day,Holiday
2020-02-14,Valentine's Day,Holiday
2021-02-14,Valentine's Day,Holiday
2022-02-14,Valentine's Day,Holiday
2023-02-14,Valentine's Day,Holiday
2024-02-14,Valentine's Day,Holiday
2025-02-14,Valentine's Day,Holiday
2011-06-26,Veterans' Day,Holiday
2012-06-26,Veterans' Day,Holiday
2013-06-26,Veterans' Day,Holiday
2014-06-26,Veterans' Day,Holiday
2015-06-26,Veterans' Day,Holiday
2016-06-26,Veterans' Day,Holiday
2017-06-26,Veterans' Day,Holiday
2018-06-26,Veterans' Day,Holiday
2019-06-26,Veterans' Day,Holiday
2020-06-26,Veterans' Day,Holiday
2021-06-26,Veterans' Day,Holiday
2022-06-26,Veterans' Day,Holiday
2023-06-26,Veterans' Day,Holiday
2024-06-26,Veterans' Day,Holiday
2025-06-26,Veterans' Day,Holiday
2011-10-31,Winter time,Time change
2012-10-31,Winter time,Time change
2013-10-31,Winter time,Time change
2014-10-31,Winter time,Time change
2015-10-31,Winter time,Time change
2016-10-31,Winter time,Time change
2017-10-31,Winter time,Time change
2018-10-31,Winter time,Time change
2019-10-31,Winter time,Time change
2020-10-31,Winter time,Time change
2021-10-31,Winter time,Time change
2022-10-31,Winter time,Time change
2023-10-31,Winter time,Time change
2024-10-31,Winter time,Time change
2025-10-31,Winter time,Time change
2011-03-28,Summer time,Time change
2012-03-28,Summer time,Time change
2013-03-28,Summer time,Time change
2014-03-28,Summer time,Time change
2015-03-28,Summer time,Time change
2016-03-28,Summer time,Time change
2017-03-28,Summer time,Time change
2018-03-28,Summer time,Time change
2019-03-28,Summer time,Time change
2020-03-28,Summer time,Time change
2021-03-28,Summer time,Time change
2022-03-28,Summer time,Time change
2023-03-28,Summer time,Time change
2024-03-28,Summer time,Time change
2025-03-28,Summer time,Time change
2015-07-15,Summer vacation,Vacation
2015-07-16,Summer vacation,Vacation
2015-07-17,Summer vacation,Vacation
2015-07-18,Summer vacation,Vacation
2015-07-19,Summer vacation,Vacation
2015-07-20,Summer vacation,Vacation
2015-07-21,Summer vacation,Vacation
2015-07-22,Summer vacation,Vacation
2015-07-23,Summer vacation,Vacation
2015-07-24,Summer vacation,Vacation
2015-07-25,Summer vacation,Vacation
2015-07-26,Summer vacation,Vacation
2015-07-27,Summer vacation,Vacation
2015-07-28,Summer vacation,Vacation
2015-07-29,Summer vacation,Vacation
2015-07-30,Summer vacation,Vacation
2015-07-31,Summer vacation,Vacation
2015-08-01,Summer vacation,Vacation
2015-08-02,Summer vacation,Vacation
2015-08-03,Summer vacation,Vacation
2015-08-04,Summer vacation,Vacation
2015-08-05,Summer vacation,Vacation
2015-08-06,Summer vacation,Vacation
2015-08-07,Summer vacation,Vacation
2015-08-08,Summer vacation,Vacation
2015-08-09,Summer vacation,Vacation
2015-08-10,Summer vacation,Vacation
2015-08-11,Summer vacation,Vacation
2015-08-12,Summer vacation,Vacation
2015-08-13,Summer vacation,Vacation
2015-08-14,Summer vacation,Vacation
2015-08-15,Summer vacation,Vacation
2015-08-16,Summer vacation,Vacation
2015-08-17,Summer vacation,Vacation
2015-08-18,Summer vacation,Vacation
2015-08-19,Summer vacation,Vacation
2015-08-20,Summer vacation,Vacation
2015-08-21,Summer vacation,Vacation
2015-08-22,Summer vacation,Vacation
2015-08-23,Summer vacation,Vacation
2015-08-24,Summer vacation,Vacation
2015-08-25,Summer vacation,Vacation
2015-12-24,Christmas vacation,Vacation
2015-12-25,Christmas vacation,Vacation
2015-12-26,Christmas vacation,Vacation
2015-12-27,Christmas vacation,Vacation
2015-12-28,Christmas vacation,Vacation
2015-12-29,Christmas vacation,Vacation
2015-12-30,Christmas vacation,Vacation
2015-12-31,Christmas vacation,Vacation
2016-01-01,Christmas vacation,Vacation
2016-01-02,Christmas vacation,Vacation
2016-01-03,Christmas vacation,Vacation
2016-01-04,Christmas vacation,Vacation
2015-02-09,Spring vacation,Vacation
2015-02-10,Spring vacation,Vacation
2015-02-11,Spring vacation,Vacation
2015-02-12,Spring vacation,Vacation
2015-02-13,Spring vacation,Vacation
2015-02-14,Spring vacation,Vacation
2015-02-15,Spring vacation,Vacation
2015-10-12,Autumn vacation,Vacation
2015-10-13,Autumn vacation,Vacation
2015-10-14,Autumn vacation,Vacation
2015-10-15,Autumn vacation,Vacation
2015-10-16,Autumn vacation,Vacation
2015-10-17,Autumn vacation,Vacation
2015-10-18,Autumn vacation,Vacation
2015-04-27,May vacation,Vacation
2015-04-28,May vacation,Vacation
2015-04-29,May vacation,Vacation
2015-04-30,May vacation,Vacation
2015-05-01,May vacation,Vacation
2015-05-02,May vacation,Vacation
2015-05-03,May vacation,Vacation
2016-07-15,Summer vacation,Vacation
2016-07-16,Summer vacation,Vacation
2016-07-17,Summer vacation,Vacation
2016-07-18,Summer vacation,Vacation
2016-07-19,Summer vacation,Vacation
2016-07-20,Summer vacation,Vacation
2016-07-21,Summer vacation,Vacation
2016-07-22,Summer vacation,Vacation
2016-07-23,Summer vacation,Vacation
2016-07-24,Summer vacation,Vacation
2016-07-25,Summer vacation,Vacation
2016-07-26,Summer vacation,Vacation
2016-07-27,Summer vacation,Vacation
2016-07-28,Summer vacation,Vacation
2016-07-29,Summer vacation,Vacation
2016-07-30,Summer vacation,Vacation
2016-07-31,Summer vacation,Vacation
2016-08-01,Summer vacation,Vacation
2016-08-02,Summer vacation,Vacation
2016-08-03,Summer vacation,Vacation
2016-08-04,Summer vacation,Vacation
2016-08-05,Summer vacation,Vacation
2016-08-06,Summer vacation,Vacation
2016-08-07,Summer vacation,Vacation
2016-08-08,Summer vacation,Vacation
2016-08-09,Summer vacation,Vacation
2016-08-10,Summer vacation,Vacation
2016-08-11,Summer vacation,Vacation
2016-08-12,Summer vacation,Vacation
2016-08-13,Summer vacation,Vacation
2016-08-14,Summer vacation,Vacation
2016-08-15,Summer vacation,Vacation
2016-08-16,Summer vacation,Vacation
2016-08-17,Summer vacation,Vacation
2016-08-18,Summer vacation,Vacation
2016-08-19,Summer vacation,Vacation
2016-08-20,Summer vacation,Vacation
2016-08-21,Summer vacation,Vacation
2016-08-22,Summer vacation,Vacation
2016-08-23,Summer vacation,Vacation
2016-08-24,Summer vacation,Vacation
2016-08-25,Summer vacation,Vacation
2016-12-24,Christmas vacation,Vacation
2016-12-25,Christmas vacation,Vacation
2016-12-26,Christmas vacation,Vacation
2016-12-27,Christmas vacation,Vacation
2016-12-28,Christmas vacation,Vacation
2016-12-29,Christmas vacation,Vacation
2016-12-30,Christmas vacation,Vacation
2016-12-31,Christmas vacation,Vacation
2017-01-01,Christmas vacation,Vacation
2017-01-02,Christmas vacation,Vacation
2017-01-03,Christmas vacation,Vacation
2017-01-04,Christmas vacation,Vacation
2016-02-15,Spring vacation,Vacation
2016-02-16,Spring vacation,Vacation
2016-02-17,Spring vacation,Vacation
2016-02-18,Spring vacation,Vacation
2016-02-19,Spring vacation,Vacation
2016-02-20,Spring vacation,Vacation
2016-02-21,Spring vacation,Vacation
2016-10-10,Autumn vacation,Vacation
2016-10-11,Autumn vacation,Vacation
2016-10-12,Autumn vacation,Vacation
2016-10-13,Autumn vacation,Vacation
2016-10-14,Autumn vacation,Vacation
2016-10-15,Autumn vacation,Vacation
2016-10-16,Autumn vacation,Vacation
2016-04-25,May vacation,Vacation
2016-04-26,May vacation,Vacation
2016-04-27,May vacation,Vacation
2016-04-28,May vacation,Vacation
2016-04-29,May vacation,Vacation
2016-04-30,May vacation,Vacation
2016-05-01,May vacation,Vacation
2017-07-15,Summer vacation,Vacation
2017-07-16,Summer vacation,Vacation
2017-07-17,Summer vacation,Vacation
2017-07-18,Summer vacation,Vacation
2017-07-19,Summer vacation,Vacation
2017-07-20,Summer vacation,Vacation
2017-07-21,Summer vacation,Vacation
2017-07-22,Summer vacation,Vacation
2017-07-23,Summer vacation,Vacation
2017-07-24,Summer vacation,Vacation
2017-07-25,Summer vacation,Vacation
2017-07-26,Summer vacation,Vacation
2017-07-27,Summer vacation,Vacation
2017-07-28,Summer vacation,Vacation
2017-07-29,Summer vacation,Vacation
2017-07-30,Summer vacation,Vacation
2017-07-31,Summer vacation,Vacation
2017-08-01,Summer vacation,Vacation
2017-08-02,Summer vacation,Vacation
2017-08-03,Summer vacation,Vacation
2017-08-04,Summer vacation,Vacation
2017-08-05,Summer vacation,Vacation
2017-08-06,Summer vacation,Vacation
2017-08-07,Summer vacation,Vacation
2017-08-08,Summer vacation,Vacation
2017-08-09,Summer vacation,Vacation
2017-08-10,Summer vacation,Vacation
2017-08-11,Summer vacation,Vacation
2017-08-12,Summer vacation,Vacation
2017-08-13,Summer vacation,Vacation
2017-08-14,Summer vacation,Vacation
2017-08-15,Summer vacation,Vacation
2017-08-16,Summer vacation,Vacation
2017-08-17,Summer vacation,Vacation
2017-08-18,Summer vacation,Vacation
2017-08-19,Summer vacation,Vacation
2017-08-20,Summer vacation,Vacation
2017-08-21,Summer vacation,Vacation
2017-08-22,Summer vacation,Vacation
2017-08-23,Summer vacation,Vacation
2017-08-24,Summer vacation,Vacation
2017-08-25,Summer vacation,Vacation
2017-12-24,Christmas vacation,Vacation
2017-12-25,Christmas vacation,Vacation
2017-12-26,Christmas vacation,Vacation
2017-12-27,Christmas vacation,Vacation
2017-12-28,Christmas vacation,Vacation
2017-12-29,Christmas vacation,Vacation
2017-12-30,Christmas vacation,Vacation
2017-12-31,Christmas vacation,Vacation
2018-01-01,Christmas vacation,Vacation
2018-01-02,Christmas vacation,Vacation
2018-01-03,Christmas vacation,Vacation
2018-01-04,Christmas vacation,Vacation
2017-02-13,Spring vacation,Vacation
2017-02-14,Spring vacation,Vacation
2017-02-15,Spring vacation,Vacation
2017-02-16,Spring vacation,Vacation
2017-02-17,Spring vacation,Vacation
2017-02-18,Spring vacation,Vacation
2017-02-19,Spring vacation,Vacation
2017-10-09,Autumn vacation,Vacation
2017-10-10,Autumn vacation,Vacation
2017-10-11,Autumn vacation,Vacation
2017-10-12,Autumn vacation,Vacation
2017-10-13,Autumn vacation,Vacation
2017-10-14,Autumn vacation,Vacation
2017-10-15,Autumn vacation,Vacation
2017-04-24,May vacation,Vacation
2017-04-25,May vacation,Vacation
2017-04-26,May vacation,Vacation
2017-04-27,May vacation,Vacation
2017-04-28,May vacation,Vacation
2017-04-29,May vacation,Vacation
2017-04-30,May vacation,Vacation
2018-07-15,Summer vacation,Vacation
2018-07-16,Summer vacation,Vacation
2018-07-17,Summer vacation,Vacation
2018-07-18,Summer vacation,Vacation
2018-07-19,Summer vacation,Vacation
2018-07-20,Summer vacation,Vacation
2018-07-21,Summer vacation,Vacation
2018-07-22,Summer vacation,Vacation
2018-07-23,Summer vacation,Vacation
2018-07-24,Summer vacation,Vacation
2018-07-25,Summer vacation,Vacation
2018-07-26,Summer vacation,Vacation
2018-07-27,Summer vacation,Vacation
2018-07-28,Summer vacation,Vacation
2018-07-29,Summer vacation,Vacation
2018-07-30,Summer vacation,Vacation
2018-07-31,Summer vacation,Vacation
2018-08-01,Summer vacation,Vacation
2018-08-02,Summer vacation,Vacation
2018-08-03,Summer vacation,Vacation
2018-08-04,Summer vacation,Vacation
2018-08-05,Summer vacation,Vacation
2018-08-06,Summer vacation,Vacation
2018-08-07,Summer vacation,Vacation
2018-08-08,Summer vacation,Vacation
2018-08-09,Summer vacation,Vacation
2018-08-10,Summer vacation,Vacation
2018-08-11,Summer vacation,Vacation
2018-08-12,Summer vacation,Vacation
2018-08-13,Summer vacation,Vacation
2018-08-14,Summer vacation,Vacation
2018-08-15,Summer vacation,Vacation
2018-08-16,Summer vacation,Vacation
2018-08-17,Summer vacation,Vacation
2018-08-18,Summer vacation,Vacation
2018-08-19,Summer vacation,Vacation
2018-08-20,Summer vacation,Vacation
2018-08-21,Summer vacation,Vacation
2018-08-22,Summer vacation,Vacation
2018-08-23,Summer vacation,Vacation
2018-08-24,Summer vacation,Vacation
2018-08-25,Summer vacation,Vacation
2018-12-24,Christmas vacation,Vacation
2018-12-25,Christmas vacation,Vacation
2018-12-26,Christmas vacation,Vacation
2018-12-27,Christmas vacation,Vacation
2018-12-28,Christmas vacation,Vacation
2018-12-29,Christmas vacation,Vacation
2018-12-30,Christmas vacation,Vacation
2018-12-31,Christmas vacation,Vacation
2019-01-01,Christmas vacation,Vacation
2019-01-02,Christmas vacation,Vacation
2019-01-03,Christmas vacation,Vacation
2019-01-04,Christmas vacation,Vacation
2018-02-12,Spring vacation,Vacation
2018-02-13,Spring vacation,Vacation
2018-02-14,Spring vacation,Vacation
2018-02-15,Spring vacation,Vacation
2018-02-16,Spring vacation,Vacation
2018-02-17,Spring vacation,Vacation
2018-02-18,Spring vacation,Vacation
2018-10-15,Autumn vacation,Vacation
2018-10-16,Autumn vacation,Vacation
2018-10-17,Autumn vacation,Vacation
2018-10-18,Autumn vacation,Vacation
2018-10-19,Autumn vacation,Vacation
2018-10-20,Autumn vacation,Vacation
2018-10-21,Autumn vacation,Vacation
2018-04-23,May vacation,Vacation
2018-04-24,May vacation,Vacation
2018-04-25,May vacation,Vacation
2018-04-26,May vacation,Vacation
2018-04-27,May vacation,Vacation
2018-04-28,May vacation,Vacation
2018-04-29,May vacation,Vacation
2019-07-15,Summer vacation,Vacation
2019-07-16,Summer vacation,Vacation
2019-07-17,Summer vacation,Vacation
2019-07-18,Summer vacation,Vacation
2019-07-19,Summer vacation,Vacation
2019-07-20,Summer vacation,Vacation
2019-07-21,Summer vacation,Vacation
2019-07-22,Summer vacation,Vacation
2019-07-23,Summer vacation,Vacation
2019-07-24,Summer vacation,Vacation
2019-07-25,Summer vacation,Vacation
2019-07-26,Summer vacation,Vacation
2019-07-27,Summer vacation,Vacation
2019-07-28,Summer vacation,Vacation
2019-07-29,Summer vacation,Vacation
2019-07-30,Summer vacation,Vacation
2019-07-31,Summer vacation,Vacation
2019-08-01,Summer vacation,Vacation
2019-08-02,Summer vacation,Vacation
2019-08-03,Summer vacation,Vacation
2019-08-04,Summer vacation,Vacation
2019-08-05,Summer vacation,Vacation
2019-08-06,Summer vacation,Vacation
2019-08-07,Summer vacation,Vacation
2019-08-08,Summer vacation,Vacation
2019-08-09,Summer vacation,Vacation
2019-08-10,Summer vacation,Vacation
2019-08-11,Summer vacation,Vacation
2019-08-12,Summer vacation,Vacation
2019-08-13,Summer vacation,Vacation
2019-08-14,Summer vacation,Vacation
2019-08-15,Summer vacation,Vacation
2019-08-16,Summer vacation,Vacation
2019-08-17,Summer vacation,Vacation
2019-08-18,Summer vacation,Vacation
2019-08-19,Summer vacation,Vacation
2019-08-20,Summer vacation,Vacation
2019-08-21,Summer vacation,Vacation
2019-08-22,Summer vacation,Vacation
2019-08-23,Summer vacation,Vacation
2019-08-24,Summer vacation,Vacation
2019-08-25,Summer vacation,Vacation
2019-12-24,Christmas vacation,Vacation
2019-12-25,Christmas vacation,Vacation
2019-12-26,Christmas vacation,Vacation
2019-12-27,Christmas vacation,Vacation
2019-12-28,Christmas vacation,Vacation
2019-12-29,Christmas vacation,Vacation
2019-12-30,Christmas vacation,Vacation
2019-12-31,Christmas vacation,Vacation
2020-01-01,Christmas vacation,Vacation
2020-01-02,Christmas vacation,Vacation
2020-01-03,Christmas vacation,Vacation
2020-01-04,Christmas vacation,Vacation
2019-02-11,Spring vacation,Vacation
2019-02-12,Spring vacation,Vacation
2019-02-13,Spring vacation,Vacation
2019-02-14,Spring vacation,Vacation
2019-02-15,Spring vacation,Vacation
2019-02-16,Spring vacation,Vacation
2019-02-17,Spring vacation,Vacation
2019-10-14,Autumn vacation,Vacation
2019-10-15,Autumn vacation,Vacation
2019-10-16,Autumn vacation,Vacation
2019-10-17,Autumn vacation,Vacation
2019-10-18,Autumn vacation,Vacation
2019-10-19,Autumn vacation,Vacation
2019-10-20,Autumn vacation,Vacation
2019-04-22,May vacation,Vacation
2019-04-23,May vacation,Vacation
2019-04-24,May vacation,Vacation
2019-04-25,May vacation,Vacation
2019-04-26,May vacation,Vacation
2019-04-27,May vacation,Vacation
2019-04-28,May vacation,Vacation
2020-07-15,Summer vacation,Vacation
2020-07-16,Summer vacation,Vacation
2020-07-17,Summer vacation,Vacation
2020-07-18,Summer vacation,Vacation
2020-07-19,Summer vacation,Vacation
2020-07-20,Summer vacation,Vacation
2020-07-21,Summer vacation,Vacation
2020-07-22,Summer vacation,Vacation
2020-07-23,Summer vacation,Vacation
2020-07-24,Summer vacation,Vacation
2020-07-25,Summer vacation,Vacation
2020-07-26,Summer vacation,Vacation
2020-07-27,Summer vacation,Vacation
2020-07-28,Summer vacation,Vacation
2020-07-29,Summer vacation,Vacation
2020-07-30,Summer vacation,Vacation
2020-07-31,Summer vacation,Vacation
2020-08-01,Summer vacation,Vacation
2020-08-02,Summer vacation,Vacation
2020-08-03,Summer vacation,Vacation
2020-08-04,Summer vacation,Vacation
2020-08-05,Summer vacation,Vacation
2020-08-06,Summer vacation,Vacation
2020-08-07,Summer vacation,Vacation
2020-08-08,Summer vacation,Vacation
2020-08-09,Summer vacation,Vacation
2020-08-10,Summer vacation,Vacation
2020-08-11,Summer vacation,Vacation
2020-08-12,Summer vacation,Vacation
2020-08-13,Summer vacation,Vacation
2020-08-14,Summer vacation,Vacation
2020-08-15,Summer vacation,Vacation
2020-08-16,Summer vacation,Vacation
2020-08-17,Summer vacation,Vacation
2020-08-18,Summer vacation,Vacation
2020-08-19,Summer vacation,Vacation
2020-08-20,Summer vacation,Vacation
2020-08-21,Summer vacation,Vacation
2020-08-22,Summer vacation,Vacation
2020-08-23,Summer vacation,Vacation
2020-08-24,Summer vacation,Vacation
2020-08-25,Summer vacation,Vacation
2020-12-24,Christmas vacation,Vacation
2020-12-25,Christmas vacation,Vacation
2020-12-26,Christmas vacation,Vacation
2020-12-27,Christmas vacation,Vacation
2020-12-28,Christmas vacation,Vacation
2020-12-29,Christmas vacation,Vacation
2020-12-30,Christmas vacation,Vacation
2020-12-31,Christmas vacation,Vacation
2021-01-01,Christmas vacation,Vacation
2021-01-02,Christmas vacation,Vacation
2021-01-03,Christmas vacation,Vacation
2021-01-04,Christmas vacation,Vacation
2020-02-10,Spring vacation,Vacation
2020-02-11,Spring vacation,Vacation
2020-02-12,Spring vacation,Vacation
2020-02-13,Spring vacation,Vacation
2020-02-14,Spring vacation,Vacation
2020-02-15,Spring vacation,Vacation
2020-02-16,Spring vacation,Vacation
2020-10-12,Autumn vacation,Vacation
2020-10-13,Autumn vacation,Vacation
2020-10-14,Autumn vacation,Vacation
2020-10-15,Autumn vacation,Vacation
2020-10-16,Autumn vacation,Vacation
2020-10-17,Autumn vacation,Vacation
2020-10-18,Autumn vacation,Vacation
2020-04-27,May vacation,Vacation
2020-04-28,May vacation,Vacation
2020-04-29,May vacation,Vacation
2020-04-30,May vacation,Vacation
2020-05-01,May vacation,Vacation
2020-05-02,May vacation,Vacation
2020-05-03,May vacation,Vacation
2021-07-15,Summer vacation,Vacation
2021-07-16,Summer vacation,Vacation
2021-07-17,Summer vacation,Vacation
2021-07-18,Summer vacation,Vacation
2021-07-19,Summer vacation,Vacation
2021-07-20,Summer vacation,Vacation
2021-07-21,Summer vacation,Vacation
2021-07-22,Summer vacation,Vacation
2021-07-23,Summer vacation,Vacation
2021-07-24,Summer vacation,Vacation
2021-07-25,Summer vacation,Vacation
2021-07-26,Summer vacation,Vacation
2021-07-27,Summer vacation,Vacation
2021-07-28,Summer vacation,Vacation
2021-07-29,Summer vacation,Vacation
2021-07-30,Summer vacation,Vacation
2021-07-31,Summer vacation,Vacation
2021-08-01,Summer vacation,Vacation
2021-08-02,Summer vacation,Vacation
2021-08-03,Summer vacation,Vacation
2021-08-04,Summer vacation,Vacation
2021-08-05,Summer vacation,Vacation
2021-08-06,Summer vacation,Vacation
2021-08-07,Summer vacation,Vacation
2021-08-08,Summer vacation,Vacation
2021-08-09,Summer vacation,Vacation
2021-08-10,Summer vacation,Vacation
2021-08-11,Summer vacation,Vacation
2021-08-12,Summer vacation,Vacation
2021-08-13,Summer vacation,Vacation
2021-08-14,Summer vacation,Vacation
2021-08-15,Summer vacation,Vacation
2021-08-16,Summer vacation,Vacation
2021-08-17,Summer vacation,Vacation
2021-08-18,Summer vacation,Vacation
2021-08-19,Summer vacation,Vacation
2021-08-20,Summer vacation,Vacation
2021-08-21,Summer vacation,Vacation
2021-08-22,Summer vacation,Vacation
2021-08-23,Summer vacation,Vacation
2021-08-24,Summer vacation,Vacation
2021-08-25,Summer vacation,Vacation
2021-12-24,Christmas vacation,Vacation
2021-12-25,Christmas vacation,Vacation
2021-12-26,Christmas vacation,Vacation
2021-12-27,Christmas vacation,Vacation
2021-12-28,Christmas vacation,Vacation
2021-12-29,Christmas vacation,Vacation
2021-12-30,Christmas vacation,Vacation
2021-12-31,Christmas vacation,Vacation
2022-01-01,Christmas vacation,Vacation
2022-01-02,Christmas vacation,Vacation
2022-01-03,Christmas vacation,Vacation
2022-01-04,Christmas vacation,Vacation
2021-02-15,Spring vacation,Vacation
2021-02-16,Spring vacation,Vacation
2021-02-17,Spring vacation,Vacation
2021-02-18,Spring vacation,Vacation
2021-02-19,Spring vacation,Vacation
2021-02-20,Spring vacation,Vacation
2021-02-21,Spring vacation,Vacation
2021-10-11,Autumn vacation,Vacation
2021-10-12,Autumn vacation,Vacation
2021-10-13,Autumn vacation,Vacation
2021-10-14,Autumn vacation,Vacation
2021-10-15,Autumn vacation,Vacation
2021-10-16,Autumn vacation,Vacation
2021-10-17,Autumn vacation,Vacation
2021-04-26,May vacation,Vacation
2021-04-27,May vacation,Vacation
2021-04-28,May vacation,Vacation
2021-04-29,May vacation,Vacation
2021-04-30,May vacation,Vacation
2021-05-01,May vacation,Vacation
2021-05-02,May vacation,Vacation
2022-07-15,Summer vacation,Vacation
2022-07-16,Summer vacation,Vacation
2022-07-17,Summer vacation,Vacation
2022-07-18,Summer vacation,Vacation
2022-07-19,Summer vacation,Vacation
2022-07-20,Summer vacation,Vacation
2022-07-21,Summer vacation,Vacation
2022-07-22,Summer vacation,Vacation
2022-07-23,Summer vacation,Vacation
2022-07-24,Summer vacation,Vacation
2022-07-25,Summer vacation,Vacation
2022-07-26,Summer vacation,Vacation
2022-07-27,Summer vacation,Vacation
2022-07-28,Summer vacation,Vacation
2022-07-29,Summer vacation,Vacation
2022-07-30,Summer vacation,Vacation
2022-07-31,Summer vacation,Vacation
2022-08-01,Summer vacation,Vacation
2022-08-02,Summer vacation,Vacation
2022-08-03,Summer vacation,Vacation
2022-08-04,Summer vacation,Vacation
2022-08-05,Summer vacation,Vacation
2022-08-06,Summer vacation,Vacation
2022-08-07,Summer vacation,Vacation
2022-08-08,Summer vacation,Vacation
2022-08-09,Summer vacation,Vacation
2022-08-10,Summer vacation,Vacation
2022-08-11,Summer vacation,Vacation
2022-08-12,Summer vacation,Vacation
2022-08-13,Summer vacation,Vacation
2022-08-14,Summer vacation,Vacation
2022-08-15,Summer vacation,Vacation
2022-08-16,Summer vacation,Vacation
2022-08-17,Summer vacation,Vacation
2022-08-18,Summer vacation,Vacation
2022-08-19,Summer vacation,Vacation
2022-08-20,Summer vacation,Vacation
2022-08-21,Summer vacation,Vacation
2022-08-22,Summer vacation,Vacation
2022-08-23,Summer vacation,Vacation
2022-08-24,Summer vacation,Vacation
2022-08-25,Summer vacation,Vacation
2022-12-24,Christmas vacation,Vacation
2022-12-25,Christmas vacation,Vacation
2022-12-26,Christmas vacation,Vacation
2022-12-27,Christmas vacation,Vacation
2022-12-28,Christmas vacation,Vacation
2022-12-29,Christmas vacation,Vacation
2022-12-30,Christmas vacation,Vacation
2022-12-31,Christmas vacation,Vacation
2023-01-01,Christmas vacation,Vacation
2023-01-02,Christmas vacation,Vacation
2023-01-03,Christmas vacation,Vacation
2023-01-04,Christmas vacation,Vacation
2022-02-14,Spring vacation,Vacation
2022-02-15,Spring vacation,Vacation
2022-02-16,Spring vacation,Vacation
2022-02-17,Spring vacation,Vacation
2022-02-18,Spring vacation,Vacation
2022-02-19,Spring vacation,Vacation
2022-02-20,Spring vacation,Vacation
2022-10-10,Autumn vacation,Vacation
2022-10-11,Autumn vacation,Vacation
2022-10-12,Autumn vacation,Vacation
2022-10-13,Autumn vacation,Vacation
2022-10-14,Autumn vacation,Vacation
2022-10-15,Autumn vacation,Vacation
2022-10-16,Autumn vacation,Vacation
2022-04-25,May vacation,Vacation
2022-04-26,May vacation,Vacation
2022-04-27,May vacation,Vacation
2022-04-28,May vacation,Vacation
2022-04-29,May vacation,Vacation
2022-04-30,May vacation,Vacation
2022-05-01,May vacation,Vacation
2023-07-15,Summer vacation,Vacation
2023-07-16,Summer vacation,Vacation
2023-07-17,Summer vacation,Vacation
2023-07-18,Summer vacation,Vacation
2023-07-19,Summer vacation,Vacation
2023-07-20,Summer vacation,Vacation
2023-07-21,Summer vacation,Vacation
2023-07-22,Summer vacation,Vacation
2023-07-23,Summer vacation,Vacation
2023-07-24,Summer vacation,Vacation
2023-07-25,Summer vacation,Vacation
2023-07-26,Summer vacation,Vacation
2023-07-27,Summer vacation,Vacation
2023-07-28,Summer vacation,Vacation
2023-07-29,Summer vacation,Vacation
2023-07-30,Summer vacation,Vacation
2023-07-31,Summer vacation,Vacation
2023-08-01,Summer vacation,Vacation
2023-08-02,Summer vacation,Vacation
2023-08-03,Summer vacation,Vacation
2023-08-04,Summer vacation,Vacation
2023-08-05,Summer vacation,Vacation
2023-08-06,Summer vacation,Vacation
2023-08-07,Summer vacation,Vacation
2023-08-08,Summer vacation,Vacation
2023-08-09,Summer vacation,Vacation
2023-08-10,Summer vacation,Vacation
2023-08-11,Summer vacation,Vacation
2023-08-12,Summer vacation,Vacation
2023-08-13,Summer vacation,Vacation
2023-08-14,Summer vacation,Vacation
2023-08-15,Summer vacation,Vacation
2023-08-16,Summer vacation,Vacation
2023-08-17,Summer vacation,Vacation
2023-08-18,Summer vacation,Vacation
2023-08-19,Summer vacation,Vacation
2023-08-20,Summer vacation,Vacation
2023-08-21,Summer vacation,Vacation
2023-08-22,Summer vacation,Vacation
2023-08-23,Summer vacation,Vacation
2023-08-24,Summer vacation,Vacation
2023-08-25,Summer vacation,Vacation
2023-12-24,Christmas vacation,Vacation
2023-12-25,Christmas vacation,Vacation
2023-12-26,Christmas vacation,Vacation
2023-12-27,Christmas vacation,Vacation
2023-12-28,Christmas vacation,Vacation
2023-12-29,Christmas vacation,Vacation
2023-12-30,Christmas vacation,Vacation
2023-12-31,Christmas vacation,Vacation
2024-01-01,Christmas vacation,Vacation
2024-01-02,Christmas vacation,Vacation
2024-01-03,Christmas vacation,Vacation
2024-01-04,Christmas vacation,Vacation
2023-02-13,Spring vacation,Vacation
2023-02-14,Spring vacation,Vacation
2023-02-15,Spring vacation,Vacation
2023-02-16,Spring vacation,Vacation
2023-02-17,Spring vacation,Vacation
2023-02-18,Spring vacation,Vacation
2023-02-19,Spring vacation,Vacation
2023-10-09,Autumn vacation,Vacation
2023-10-10,Autumn vacation,Vacation
2023-10-11,Autumn vacation,Vacation
2023-10-12,Autumn vacation,Vacation
2023-10-13,Autumn vacation,Vacation
2023-10-14,Autumn vacation,Vacation
2023-10-15,Autumn vacation,Vacation
2023-04-24,May vacation,Vacation
2023-04-25,May vacation,Vacation
2023-04-26,May vacation,Vacation
2023-04-27,May vacation,Vacation
2023-04-28,May vacation,Vacation
2023-04-29,May vacation,Vacation
2023-04-30,May vacation,Vacation
2024-07-15,Summer vacation,Vacation
2024-07-16,Summer vacation,Vacation
2024-07-17,Summer vacation,Vacation
2024-07-18,Summer vacation,Vacation
2024-07-19,Summer vacation,Vacation
2024-07-20,Summer vacation,Vacation
2024-07-21,Summer vacation,Vacation
2024-07-22,Summer vacation,Vacation
2024-07-23,Summer vacation,Vacation
2024-07-24,Summer vacation,Vacation
2024-07-25,Summer vacation,Vacation
2024-07-26,Summer vacation,Vacation
2024-07-27,Summer vacation,Vacation
2024-07-28,Summer vacation,Vacation
2024-07-29,Summer vacation,Vacation
2024-07-30,Summer vacation,Vacation
2024-07-31,Summer vacation,Vacation
2024-08-01,Summer vacation,Vacation
2024-08-02,Summer vacation,Vacation
2024-08-03,Summer vacation,Vacation
2024-08-04,Summer vacation,Vacation
2024-08-05,Summer vacation,Vacation
2024-08-06,Summer vacation,Vacation
2024-08-07,Summer vacation,Vacation
2024-08-08,Summer vacation,Vacation
2024-08-09,Summer vacation,Vacation
2024-08-10,Summer vacation,Vacation
2024-08-11,Summer vacation,Vacation
2024-08-12,Summer vacation,Vacation
2024-08-13,Summer vacation,Vacation
2024-08-14,Summer vacation,Vacation
2024-08-15,Summer vacation,Vacation
2024-08-16,Summer vacation,Vacation
2024-08-17,Summer vacation,Vacation
2024-08-18,Summer vacation,Vacation
2024-08-19,Summer vacation,Vacation
2024-08-20,Summer vacation,Vacation
2024-08-21,Summer vacation,Vacation
2024-08-22,Summer vacation,Vacation
2024-08-23,Summer vacation,Vacation
2024-08-24,Summer vacation,Vacation
2024-08-25,Summer vacation,Vacation
2024-12-24,Christmas vacation,Vacation
2024-12-25,Christmas vacation,Vacation
2024-12-26,Christmas vacation,Vacation
2024-12-27,Christmas vacation,Vacation
2024-12-28,Christmas vacation,Vacation
2024-12-29,Christmas vacation,Vacation
2024-12-30,Christmas vacation,Vacation
2024-12-31,Christmas vacation,Vacation
2025-01-01,Christmas vacation,Vacation
2025-01-02,Christmas vacation,Vacation
2025-01-03,Christmas vacation,Vacation
2025-01-04,Christmas vacation,Vacation
2024-02-12,Spring vacation,Vacation
2024-02-13,Spring vacation,Vacation
2024-02-14,Spring vacation,Vacation
2024-02-15,Spring vacation,Vacation
2024-02-16,Spring vacation,Vacation
2024-02-17,Spring vacation,Vacation
2024-02-18,Spring vacation,Vacation
2024-10-14,Autumn vacation,Vacation
2024-10-15,Autumn vacation,Vacation
2024-10-16,Autumn vacation,Vacation
2024-10-17,Autumn vacation,Vacation
2024-10-18,Autumn vacation,Vacation
2024-10-19,Autumn vacation,Vacation
2024-10-20,Autumn vacation,Vacation
2024-04-22,May vacation,Vacation
2024-04-23,May vacation,Vacation
2024-04-24,May vacation,Vacation
2024-04-25,May vacation,Vacation
2024-04-26,May vacation,Vacation
2024-04-27,May vacation,Vacation
2024-04-28,May vacation,Vacation
2025-07-15,Summer vacation,Vacation
2025-07-16,Summer vacation,Vacation
2025-07-17,Summer vacation,Vacation
2025-07-18,Summer vacation,Vacation
2025-07-19,Summer vacation,Vacation
2025-07-20,Summer vacation,Vacation
2025-07-21,Summer vacation,Vacation
2025-07-22,Summer vacation,Vacation
2025-07-23,Summer vacation,Vacation
2025-07-24,Summer vacation,Vacation
2025-07-25,Summer vacation,Vacation
2025-07-26,Summer vacation,Vacation
2025-07-27,Summer vacation,Vacation
2025-07-28,Summer vacation,Vacation
2025-07-29,Summer vacation,Vacation
2025-07-30,Summer vacation,Vacation
2025-07-31,Summer vacation,Vacation
2025-08-01,Summer vacation,Vacation
2025-08-02,Summer vacation,Vacation
2025-08-03,Summer vacation,Vacation
2025-08-04,Summer vacation,Vacation
2025-08-05,Summer vacation,Vacation
2025-08-06,Summer vacation,Vacation
2025-08-07,Summer vacation,Vacation
2025-08-08,Summer vacation,Vacation
2025-08-09,Summer vacation,Vacation
2025-08-10,Summer vacation,Vacation
2025-08-11,Summer vacation,Vacation
2025-08-12,Summer vacation,Vacation
2025-08-13,Summer vacation,Vacation
2025-08-14,Summer vacation,Vacation
2025-08-15,Summer vacation,Vacation
2025-08-16,Summer vacation,Vacation
2025-08-17,Summer vacation,Vacation
2025-08-18,Summer vacation,Vacation
2025-08-19,Summer vacation,Vacation
2025-08-20,Summer vacation,Vacation
2025-08-21,Summer vacation,Vacation
2025-08-22,Summer vacation,Vacation
2025-08-23,Summer vacation,Vacation
2025-08-24,Summer vacation,Vacation
2025-08-25,Summer vacation,Vacation
2025-12-24,Christmas vacation,Vacation
2025-12-25,Christmas vacation,Vacation
2025-12-26,Christmas vacation,Vacation
2025-12-27,Christmas vacation,Vacation
2025-12-28,Christmas vacation,Vacation
2025-12-29,Christmas vacation,Vacation
2025-12-30,Christmas vacation,Vacation
2025-12-31,Christmas vacation,Vacation
2026-01-01,Christmas vacation,Vacation
2026-01-02,Christmas vacation,Vacation
2026-01-03,Christmas vacation,Vacation
2026-01-04,Christmas vacation,Vacation
2025-02-10,Spring vacation,Vacation
2025-02-11,Spring vacation,Vacation
2025-02-12,Spring vacation,Vacation
2025-02-13,Spring vacation,Vacation
2025-02-14,Spring vacation,Vacation
2025-02-15,Spring vacation,Vacation
2025-02-16,Spring vacation,Vacation
2025-10-13,Autumn vacation,Vacation
2025-10-14,Autumn vacation,Vacation
2025-10-15,Autumn vacation,Vacation
2025-10-16,Autumn vacation,Vacation
2025-10-17,Autumn vacation,Vacation
2025-10-18,Autumn vacation,Vacation
2025-10-19,Autumn vacation,Vacation
2025-04-21,May vacation,Vacation
2025-04-22,May vacation,Vacation
2025-04-23,May vacation,Vacation
2025-04-24,May vacation,Vacation
2025-04-25,May vacation,Vacation
2025-04-26,May vacation,Vacation
2025-04-27,May vacation,Vacation
